<?xml version="1.0" encoding="utf-8" ?>
<dwsync>
<file name="ttfparser.php" server="C:/AppServ/www/jw/" local="129528950760000000" remote="129528950760000000" />
<file name="cp1250.map" server="C:/AppServ/www/jw/" local="126656306520000000" remote="126656306520000000" />
<file name="cp1251.map" server="C:/AppServ/www/jw/" local="126645859840000000" remote="126645859840000000" />
<file name="cp1252.map" server="C:/AppServ/www/jw/" local="126645859840000000" remote="126645859840000000" />
<file name="cp1253.map" server="C:/AppServ/www/jw/" local="126651033360000000" remote="126651033360000000" />
<file name="cp1254.map" server="C:/AppServ/www/jw/" local="126806854080000000" remote="126806854080000000" />
<file name="cp1255.map" server="C:/AppServ/www/jw/" local="127001969540000000" remote="127001969540000000" />
<file name="cp1257.map" server="C:/AppServ/www/jw/" local="126726238460000000" remote="126726238460000000" />
<file name="cp1258.map" server="C:/AppServ/www/jw/" local="127173199060000000" remote="127173199060000000" />
<file name="cp874.map" server="C:/AppServ/www/jw/" local="126898274440000000" remote="126898274440000000" />
<file name="iso-8859-1.map" server="C:/AppServ/www/jw/" local="126653523680000000" remote="126653523680000000" />
<file name="iso-8859-11.map" server="C:/AppServ/www/jw/" local="126898273540000000" remote="126898273540000000" />
<file name="iso-8859-15.map" server="C:/AppServ/www/jw/" local="126653522960000000" remote="126653522960000000" />
<file name="iso-8859-16.map" server="C:/AppServ/www/jw/" local="126653537800000000" remote="126653537800000000" />
<file name="iso-8859-2.map" server="C:/AppServ/www/jw/" local="126653524460000000" remote="126653524460000000" />
<file name="iso-8859-4.map" server="C:/AppServ/www/jw/" local="126726235500000000" remote="126726235500000000" />
<file name="iso-8859-5.map" server="C:/AppServ/www/jw/" local="126653603100000000" remote="126653603100000000" />
<file name="iso-8859-7.map" server="C:/AppServ/www/jw/" local="126653642820000000" remote="126653642820000000" />
<file name="iso-8859-9.map" server="C:/AppServ/www/jw/" local="126807556460000000" remote="126807556460000000" />
<file name="koi8-r.map" server="C:/AppServ/www/jw/" local="126653629520000000" remote="126653629520000000" />
<file name="koi8-u.map" server="C:/AppServ/www/jw/" local="127171326560000000" remote="127171326560000000" />
<file name="makefont.php" server="C:/AppServ/www/jw/" local="129528950860000000" remote="129528950860000000" />
</dwsync>