<?xml version="1.0" encoding="utf-8" ?>
<dwsync>
<file name="courier.php" server="C:/AppServ/www/jw/" local="129528947280000000" remote="129528947280000000" />
<file name="courierb.php" server="C:/AppServ/www/jw/" local="129528947280000000" remote="129528947280000000" />
<file name="courierbi.php" server="C:/AppServ/www/jw/" local="129528947000000000" remote="129528947000000000" />
<file name="courieri.php" server="C:/AppServ/www/jw/" local="129528947000000000" remote="129528947000000000" />
<file name="helvetica.php" server="C:/AppServ/www/jw/" local="129528947280000000" remote="129528947280000000" />
<file name="helveticab.php" server="C:/AppServ/www/jw/" local="129528947280000000" remote="129528947280000000" />
<file name="helveticabi.php" server="C:/AppServ/www/jw/" local="129528947000000000" remote="129528947000000000" />
<file name="helveticai.php" server="C:/AppServ/www/jw/" local="129528947280000000" remote="129528947280000000" />
<file name="symbol.php" server="C:/AppServ/www/jw/" local="129528947000000000" remote="129528947000000000" />
<file name="times.php" server="C:/AppServ/www/jw/" local="129528947000000000" remote="129528947000000000" />
<file name="timesb.php" server="C:/AppServ/www/jw/" local="129528947280000000" remote="129528947280000000" />
<file name="timesbi.php" server="C:/AppServ/www/jw/" local="129528947280000000" remote="129528947280000000" />
<file name="timesi.php" server="C:/AppServ/www/jw/" local="129528947280000000" remote="129528947280000000" />
<file name="zapfdingbats.php" server="C:/AppServ/www/jw/" local="129528947280000000" remote="129528947280000000" />
</dwsync>